[
  {
    "contract": {
      "contractId": 100002,
      "contractName": "Ballon D'OR Contract",
      "customer": "Jane",
      "endTime": "2019-12-02 23:38:20",
      "beginTime": "2019-12-02 23:38:20",
      "contractContent": "nothing",
      "username": "sty"
    },
    "attachment": {
      "contractId": 100002,
      "fileName": "123",
      "uploadPath": "D://",
      "fileType": "txt",
      "uploadTime": "2019-12-02 23:38:20"
    }
  },
  {
    "contract": {
      "contractId": 100003,
      "contractName": "Ballon D'OR Contract",
      "customer": "Jane",
      "endTime": "2019-12-02 23:38:20",
      "beginTime": "2019-12-02 23:38:20",
      "contractContent": "nothing",
      "username": "sty"
    },
    "attachment": {
      "contractId": 100003,
      "fileName": "123",
      "uploadPath": "D://",
      "fileType": "txt",
      "uploadTime": "2019-12-02 23:38:20"
    }
  }
]